id_distributor;id_cabang;id_invoice;tanggal;id_customer;id_barang;jumlah_barang;unit;harga;mata_uang;brand_id;lini;Cabang;customer_nama
TD;CAB01;IN5997;20/01/22;CUST55380;ACYCLOVIR DUS;1;DUS;1170;IDR;BRND001;OGB & PH;Aceh;APOTEK TAPAK
TD;CAB01;IN6297;20/01/22;CUST55381;ALERGINE TABLET SALUT;5;DUS;2338;IDR;BRND002;ETIKAL;Aceh;APOTEK MAJA
TA;CAB02;IN6155;21/01/22;CUST55382;AMPICILLIN;9;DUS;10691;IDR;BRND003;MARCKS;Kuningan;KLINIK GM
EPM;CAB03;IN6144;22/01/22;CUST55383;TRAMADOL KAPSUL 50 MG;13;DUS;8701;IDR;BRND004;VNS;Jakarta;APOTEK MERDEKA
TD;CAB04;IN6280;23/01/22;CUST55384;KLORPROMAZINA TABLET SALUT SELAPUT 100 MG;1;DUS;5648;IDR;BRND005;SLCYL;Bandung;KLINIK SAHABAT
TA;CAB05;IN6052;23/01/22;CUST55385;KETOCONAZOLE TABLET 200 MG;5;DUS;2819;IDR;BRND006;OGB & PH;Tangerang;APOTEK SINAR JAYA
EPM;CAB06;IN6089;25/01/22;CUST55386;ERGOTAMINE COFFEINE;9;DUS;4592;IDR;BRND007;ETIKAL;Bekasi;APOTEK SAHABAT
TD;CAB07;IN6251;23/01/22;CUST55387;TETRACYCLINE KAPSUL 250 MG;1;DUS;3992;IDR;BRND008;MARCKS;Padang;APOTEK TAPAK
TA;CAB08;IN6036;27/01/22;CUST55388;AMBROXOL HC;23;DUS;5781;IDR;BRND009;VNS;Lampung;APOTEK MAJA
EPM;CAB09;IN6029;28/01/22;CUST55389;PARACETAMOL;4;DUS;6940;IDR;BRND010;SLCYL;#N/A;KLINIK GM
TD;CAB10;IN6190;23/01/22;CUST55390;ACYCLOVIR DUS;2;DUS;1170;IDR;BRND001;OGB & PH;#N/A;APOTEK MERDEKA
TD;CAB01;IN6287;30/01/22;CUST55391;ALERGINE TABLET SALUT;17;DUS;2338;IDR;BRND002;ETIKAL;Aceh;KLINIK SAHABAT
TA;CAB01;IN6102;31/01/22;CUST55392;AMPICILLIN;11;DUS;10691;IDR;BRND003;MARCKS;Aceh;APOTEK SINAR JAYA
EPM;CAB02;IN6301;01/02/22;CUST55393;TRAMADOL KAPSUL 50 MG;12;DUS;8701;IDR;BRND004;VNS;Kuningan;APOTEK SAHABAT
TD;CAB03;IN6024;27/01/22;CUST55394;KLORPROMAZINA TABLET SALUT SELAPUT 100 MG;12;DUS;5648;IDR;BRND005;SLCYL;Jakarta;KLINIK DR. ANDRI
TA;CAB04;IN6184;28/01/22;CUST55395;KETOCONAZOLE TABLET 200 MG;25;DUS;2819;IDR;BRND006;OGB & PH;Bandung;APOTEK TAPAK
EPM;CAB05;IN6307;23/01/22;CUST55396;ERGOTAMINE COFFEINE;14;DUS;4592;IDR;BRND007;ETIKAL;Tangerang;APOTEK MAJA
TD;CAB06;IN6245;30/01/22;CUST55397;TETRACYCLINE KAPSUL 250 MG;34;DUS;3992;IDR;BRND008;MARCKS;Bekasi;KLINIK GM
TA;CAB07;IN6195;31/01/22;CUST55398;AMBROXOL HC;67;DUS;5781;IDR;BRND009;VNS;Padang;APOTEK MERDEKA
EPM;CAB08;IN6023;01/02/22;CUST55399;PARACETAMOL;15;DUS;6940;IDR;BRND010;SLCYL;Lampung;KLINIK SAHABAT
TD;CAB09;IN6113;27/01/22;CUST55400;ACYCLOVIR DUS;12;DUS;1170;IDR;BRND001;OGB & PH;#N/A;APOTEK SINAR JAYA
TD;CAB10;IN6141;28/01/22;CUST55401;ALERGINE TABLET SALUT;25;DUS;2338;IDR;BRND002;ETIKAL;#N/A;APOTEK SAHABAT
TA;CAB01;IN6125;23/01/22;CUST55402;AMPICILLIN;14;DUS;10691;IDR;BRND003;MARCKS;Aceh;APOTEK TAPAK
EPM;CAB01;IN6176;30/01/22;CUST55403;TRAMADOL KAPSUL 50 MG;18;DUS;8701;IDR;BRND004;VNS;Aceh;APOTEK MAJA
TD;CAB02;IN6175;31/01/22;CUST55404;KLORPROMAZINA TABLET SALUT SELAPUT 100 MG;18;DUS;5648;IDR;BRND005;SLCYL;Kuningan;KLINIK GM
TA;CAB03;IN6259;01/02/22;CUST55405;KETOCONAZOLE TABLET 200 MG;19;DUS;2819;IDR;BRND006;OGB & PH;Jakarta;APOTEK MERDEKA
EPM;CAB01;IN6173;27/01/22;CUST55406;ACYCLOVIR DUS;12;DUS;4592;IDR;BRND007;ETIKAL;Aceh;KLINIK SAHABAT
TD;CAB01;IN6013;28/01/22;CUST55407;ALERGINE TABLET SALUT;25;DUS;3992;IDR;BRND008;MARCKS;Aceh;APOTEK SINAR JAYA
TD;CAB02;IN6086;23/01/22;CUST55408;AMPICILLIN;14;DUS;5781;IDR;BRND009;VNS;Kuningan;APOTEK SAHABAT
TA;CAB03;IN6108;30/01/22;CUST55409;TRAMADOL KAPSUL 50 MG;21;DUS;6940;IDR;BRND010;SLCYL;Jakarta;KLINIK DR. ANDRI
EPM;CAB04;IN6321;31/01/22;CUST55410;ACYCLOVIR DUS;22;DUS;1170;IDR;BRND001;OGB & PH;Bandung;APOTEK TAPAK
TD;CAB05;IN5994;01/02/22;CUST55411;ALERGINE TABLET SALUT;12;DUS;2338;IDR;BRND002;ETIKAL;Tangerang;APOTEK MAJA
TA;CAB06;IN6146;27/01/22;CUST55412;AMPICILLIN;25;DUS;10691;IDR;BRND003;MARCKS;Bekasi;KLINIK GM
EPM;CAB07;IN6230;28/01/22;CUST55413;TRAMADOL KAPSUL 50 MG;14;DUS;8701;IDR;BRND004;VNS;Padang;APOTEK MERDEKA
TD;CAB08;IN5991;23/01/22;CUST55414;KLORPROMAZINA TABLET SALUT SELAPUT 100 MG;24;DUS;5648;IDR;BRND005;SLCYL;Lampung;KLINIK SAHABAT
TA;CAB09;IN6281;30/01/22;CUST55415;KETOCONAZOLE TABLET 200 MG;10;DUS;2819;IDR;BRND006;OGB & PH;#N/A;APOTEK SINAR JAYA
EPM;CAB10;IN6226;31/01/22;CUST55416;ERGOTAMINE COFFEINE;23;DUS;4592;IDR;BRND007;ETIKAL;#N/A;APOTEK SAHABAT
TD;CAB01;IN6063;01/02/22;CUST55417;TETRACYCLINE KAPSUL 250 MG;12;DUS;3992;IDR;BRND008;MARCKS;Aceh;APOTEK TAPAK
TD;CAB01;IN6131;27/01/22;CUST55418;AMBROXOL HC;10;DUS;5781;IDR;BRND009;VNS;Aceh;APOTEK MAJA
TA;CAB02;IN6262;28/01/22;CUST55419;PARACETAMOL;67;DUS;6940;IDR;BRND010;SLCYL;Kuningan;KLINIK GM
EPM;CAB03;IN6028;23/01/22;CUST55420;ACYCLOVIR DUS;98;DUS;1170;IDR;BRND001;OGB & PH;Jakarta;APOTEK MERDEKA
TD;CAB01;IN6163;30/01/22;CUST55421;ALERGINE TABLET SALUT;5;DUS;2338;IDR;BRND002;ETIKAL;Aceh;KLINIK SAHABAT
TA;CAB01;IN6191;31/01/22;CUST55422;AMPICILLIN;4;DUS;10691;IDR;BRND003;MARCKS;Aceh;APOTEK SINAR JAYA
EPM;CAB02;IN6274;01/02/22;CUST55423;TRAMADOL KAPSUL 50 MG;8;DUS;8701;IDR;BRND004;VNS;Kuningan;APOTEK SAHABAT
TD;CAB03;IN6003;27/01/22;CUST55424;KLORPROMAZINA TABLET SALUT SELAPUT 100 MG;9;DUS;5648;IDR;BRND005;SLCYL;Jakarta;KLINIK DR. ANDRI
TA;CAB04;IN6247;28/01/22;CUST55425;KETOCONAZOLE TABLET 200 MG;10;DUS;2819;IDR;BRND006;OGB & PH;Bandung;APOTEK TAPAK
EPM;CAB05;IN6311;23/01/22;CUST55426;ERGOTAMINE COFFEINE;7;DUS;4592;IDR;BRND007;ETIKAL;Tangerang;APOTEK MAJA
TD;CAB06;IN6248;30/01/22;CUST55427;TETRACYCLINE KAPSUL 250 MG;100;DUS;3992;IDR;BRND008;MARCKS;Bekasi;KLINIK GM
TD;CAB07;IN6042;31/01/22;CUST55428;AMBROXOL HC;67;DUS;5781;IDR;BRND009;VNS;Padang;APOTEK MERDEKA
TA;CAB08;IN6133;01/02/22;CUST55429;PARACETAMOL;78;DUS;6940;IDR;BRND010;SLCYL;Lampung;KLINIK SAHABAT
EPM;CAB09;IN6306;27/01/22;CUST55430;ACYCLOVIR DUS;45;DUS;1170;IDR;BRND001;OGB & PH;#N/A;APOTEK SINAR JAYA
TD;CAB10;IN6253;28/01/22;CUST55431;ALERGINE TABLET SALUT;34;DUS;2338;IDR;BRND002;ETIKAL;#N/A;APOTEK SAHABAT
TA;CAB01;IN5980;23/01/22;CUST55432;AMPICILLIN;20;DUS;10691;IDR;BRND003;MARCKS;Aceh;APOTEK TAPAK
EPM;CAB01;IN6104;30/01/22;CUST55433;TRAMADOL KAPSUL 50 MG;45;DUS;8701;IDR;BRND004;VNS;Aceh;APOTEK MAJA
TD;CAB02;IN6050;31/01/22;CUST55434;KLORPROMAZINA TABLET SALUT SELAPUT 100 MG;34;DUS;5648;IDR;BRND005;SLCYL;Kuningan;KLINIK GM
TD;CAB03;IN6054;01/02/22;CUST55435;KETOCONAZOLE TABLET 200 MG;34;DUS;2819;IDR;BRND006;OGB & PH;Jakarta;APOTEK MERDEKA
TA;CAB01;IN6219;27/01/22;CUST55436;ACYCLOVIR DUS;34;DUS;4592;IDR;BRND007;ETIKAL;Aceh;KLINIK SAHABAT
EPM;CAB01;IN6053;28/01/22;CUST55437;ALERGINE TABLET SALUT;44;DUS;3992;IDR;BRND008;MARCKS;Aceh;APOTEK SINAR JAYA
TD;CAB02;IN6217;23/01/22;CUST55438;AMPICILLIN;5;DUS;5781;IDR;BRND009;VNS;Kuningan;APOTEK SAHABAT
TA;CAB03;IN6323;30/01/22;CUST55439;TRAMADOL KAPSUL 50 MG;6;DUS;6940;IDR;BRND010;SLCYL;Jakarta;KLINIK DR. ANDRI
EPM;CAB04;IN6241;31/01/22;CUST55440;ACYCLOVIR DUS;79;DUS;1170;IDR;BRND001;OGB & PH;Bandung;APOTEK TAPAK
TD;CAB05;IN6134;01/02/22;CUST55441;ALERGINE TABLET SALUT;12;DUS;2338;IDR;BRND002;ETIKAL;Tangerang;APOTEK MAJA
TA;CAB06;IN6124;27/01/22;CUST55442;AMPICILLIN;95;DUS;10691;IDR;BRND003;MARCKS;Bekasi;KLINIK GM
EPM;CAB07;IN5981;28/01/22;CUST55443;TRAMADOL KAPSUL 50 MG;76;DUS;8701;IDR;BRND004;VNS;Padang;APOTEK MERDEKA
TD;CAB08;IN6220;23/01/22;CUST55444;KLORPROMAZINA TABLET SALUT SELAPUT 100 MG;48;DUS;5648;IDR;BRND005;SLCYL;Lampung;KLINIK SAHABAT
TD;CAB09;IN6122;30/01/22;CUST55445;KETOCONAZOLE TABLET 200 MG;21;DUS;2819;IDR;BRND006;OGB & PH;#N/A;APOTEK SINAR JAYA
TA;CAB10;IN6255;31/01/22;CUST55446;ERGOTAMINE COFFEINE;22;DUS;4592;IDR;BRND007;ETIKAL;#N/A;APOTEK SAHABAT
EPM;CAB01;IN6005;01/02/22;CUST55447;TETRACYCLINE KAPSUL 250 MG;12;DUS;3992;IDR;BRND008;MARCKS;Aceh;APOTEK TAPAK
TD;CAB01;IN6327;27/01/22;CUST55448;AMBROXOL HC;25;DUS;5781;IDR;BRND009;VNS;Aceh;APOTEK MAJA
TA;CAB02;IN6119;28/01/22;CUST55449;PARACETAMOL;14;DUS;6940;IDR;BRND010;SLCYL;Kuningan;KLINIK GM
EPM;CAB03;IN6233;23/01/22;CUST55450;ACYCLOVIR DUS;24;DUS;1170;IDR;BRND001;OGB & PH;Jakarta;APOTEK MERDEKA
TD;CAB01;IN6235;30/01/22;CUST55451;ALERGINE TABLET SALUT;10;DUS;2338;IDR;BRND002;ETIKAL;Aceh;KLINIK SAHABAT
TA;CAB01;IN6263;31/01/22;CUST55452;AMPICILLIN;130;DUS;10691;IDR;BRND003;MARCKS;Aceh;APOTEK SINAR JAYA
EPM;CAB02;IN6269;01/02/22;CUST55453;TRAMADOL KAPSUL 50 MG;12;DUS;8701;IDR;BRND004;VNS;Kuningan;APOTEK SAHABAT
TD;CAB03;IN6188;27/01/22;CUST55454;KLORPROMAZINA TABLET SALUT SELAPUT 100 MG;10;DUS;5648;IDR;BRND005;SLCYL;Jakarta;KLINIK DR. ANDRI
TD;CAB04;IN6116;28/01/22;CUST55455;KETOCONAZOLE TABLET 200 MG;67;DUS;2819;IDR;BRND006;OGB & PH;Bandung;APOTEK TAPAK
TA;CAB05;IN6216;23/01/22;CUST55456;ERGOTAMINE COFFEINE;98;DUS;4592;IDR;BRND007;ETIKAL;Tangerang;APOTEK MAJA
EPM;CAB06;IN6099;30/01/22;CUST55457;TETRACYCLINE KAPSUL 250 MG;5;DUS;3992;IDR;BRND008;MARCKS;Bekasi;KLINIK GM
TD;CAB07;IN6326;31/01/22;CUST55458;AMBROXOL HC;4;DUS;5781;IDR;BRND009;VNS;Padang;APOTEK MERDEKA
TA;CAB08;IN6267;01/02/22;CUST55459;PARACETAMOL;8;DUS;6940;IDR;BRND010;SLCYL;Lampung;KLINIK SAHABAT
EPM;CAB09;IN6238;27/01/22;CUST55460;ACYCLOVIR DUS;9;DUS;1170;IDR;BRND001;OGB & PH;#N/A;APOTEK SINAR JAYA
TD;CAB10;IN6214;28/01/22;CUST55461;ALERGINE TABLET SALUT;21;DUS;2338;IDR;BRND002;ETIKAL;#N/A;APOTEK SAHABAT
TD;CAB01;IN6318;23/01/22;CUST55462;AMPICILLIN;22;DUS;10691;IDR;BRND003;MARCKS;Aceh;APOTEK TAPAK
TA;CAB01;IN6256;30/01/22;CUST55463;TRAMADOL KAPSUL 50 MG;12;DUS;8701;IDR;BRND004;VNS;Aceh;APOTEK MAJA
EPM;CAB02;IN6048;31/01/22;CUST55464;KLORPROMAZINA TABLET SALUT SELAPUT 100 MG;25;DUS;5648;IDR;BRND005;SLCYL;Kuningan;KLINIK GM
TD;CAB03;IN6120;01/02/22;CUST55465;KETOCONAZOLE TABLET 200 MG;14;DUS;2819;IDR;BRND006;OGB & PH;Jakarta;APOTEK MERDEKA
TA;CAB01;IN6161;27/01/22;CUST55466;ACYCLOVIR DUS;24;DUS;4592;IDR;BRND007;ETIKAL;Aceh;KLINIK SAHABAT
EPM;CAB01;IN6292;28/01/22;CUST55467;ALERGINE TABLET SALUT;10;DUS;3992;IDR;BRND008;MARCKS;Aceh;APOTEK SINAR JAYA
TD;CAB02;IN6286;23/01/22;CUST55468;AMPICILLIN;120;DUS;5781;IDR;BRND009;VNS;Kuningan;APOTEK SAHABAT
TA;CAB03;IN6008;30/01/22;CUST55469;TRAMADOL KAPSUL 50 MG;12;DUS;6940;IDR;BRND010;SLCYL;Jakarta;KLINIK DR. ANDRI
EPM;CAB04;IN6040;31/01/22;CUST55470;ACYCLOVIR DUS;10;DUS;1170;IDR;BRND001;OGB & PH;Bandung;APOTEK TAPAK
TD;CAB05;IN6084;01/02/22;CUST55471;ALERGINE TABLET SALUT;67;DUS;2338;IDR;BRND002;ETIKAL;Tangerang;APOTEK MAJA
TD;CAB06;IN6074;27/01/22;CUST55472;AMPICILLIN;98;DUS;10691;IDR;BRND003;MARCKS;Bekasi;KLINIK GM
TA;CAB07;IN6200;28/01/22;CUST55473;TRAMADOL KAPSUL 50 MG;5;DUS;8701;IDR;BRND004;VNS;Padang;APOTEK MERDEKA
EPM;CAB08;IN6065;23/01/22;CUST55474;KLORPROMAZINA TABLET SALUT SELAPUT 100 MG;4;DUS;5648;IDR;BRND005;SLCYL;Lampung;KLINIK SAHABAT
TD;CAB09;IN6208;30/01/22;CUST55475;KETOCONAZOLE TABLET 200 MG;8;DUS;2819;IDR;BRND006;OGB & PH;#N/A;APOTEK SINAR JAYA
TA;CAB10;IN6148;31/01/22;CUST55476;ERGOTAMINE COFFEINE;9;DUS;4592;IDR;BRND007;ETIKAL;#N/A;APOTEK SAHABAT
EPM;CAB01;IN6072;01/02/22;CUST55477;TETRACYCLINE KAPSUL 250 MG;1;DUS;3992;IDR;BRND008;MARCKS;Aceh;APOTEK TAPAK
TD;CAB01;IN6095;27/01/22;CUST55478;AMBROXOL HC;5;DUS;5781;IDR;BRND009;VNS;Aceh;APOTEK MAJA
TA;CAB02;IN6049;28/01/22;CUST55479;PARACETAMOL;9;DUS;6940;IDR;BRND010;SLCYL;Kuningan;KLINIK GM
EPM;CAB03;IN6039;23/01/22;CUST55480;ACYCLOVIR DUS;13;DUS;1170;IDR;BRND001;OGB & PH;Jakarta;APOTEK MERDEKA
TD;CAB01;IN6276;30/01/22;CUST55481;ALERGINE TABLET SALUT;1;DUS;2338;IDR;BRND002;ETIKAL;Aceh;KLINIK SAHABAT
TD;CAB01;IN6015;31/01/22;CUST55482;AMPICILLIN;5;DUS;10691;IDR;BRND003;MARCKS;Aceh;APOTEK SINAR JAYA
TA;CAB02;IN6185;01/02/22;CUST55483;TRAMADOL KAPSUL 50 MG;9;DUS;8701;IDR;BRND004;VNS;Kuningan;APOTEK SAHABAT
EPM;CAB03;IN6258;27/01/22;CUST55484;KLORPROMAZINA TABLET SALUT SELAPUT 100 MG;1;DUS;5648;IDR;BRND005;SLCYL;Jakarta;KLINIK DR. ANDRI
TD;CAB04;IN6070;28/01/22;CUST55485;KETOCONAZOLE TABLET 200 MG;23;DUS;2819;IDR;BRND006;OGB & PH;Bandung;APOTEK TAPAK
TA;CAB05;IN6210;23/01/22;CUST55486;ERGOTAMINE COFFEINE;4;DUS;4592;IDR;BRND007;ETIKAL;Tangerang;APOTEK MAJA
EPM;CAB06;IN6083;30/01/22;CUST55487;TETRACYCLINE KAPSUL 250 MG;2;DUS;3992;IDR;BRND008;MARCKS;Bekasi;KLINIK GM
TD;CAB07;IN6322;31/01/22;CUST55488;AMBROXOL HC;17;DUS;5781;IDR;BRND009;VNS;Padang;APOTEK MERDEKA
TD;CAB08;IN6291;01/02/22;CUST55489;PARACETAMOL;11;DUS;6940;IDR;BRND010;SLCYL;Lampung;KLINIK SAHABAT
TA;CAB09;IN6062;27/01/22;CUST55490;ACYCLOVIR DUS;12;DUS;1170;IDR;BRND001;OGB & PH;#N/A;APOTEK SINAR JAYA
EPM;CAB10;IN6167;28/01/22;CUST55491;ALERGINE TABLET SALUT;12;DUS;2338;IDR;BRND002;ETIKAL;#N/A;APOTEK SAHABAT
TD;CAB01;IN6289;23/01/22;CUST55492;AMPICILLIN;25;DUS;10691;IDR;BRND003;MARCKS;Aceh;APOTEK TAPAK
TA;CAB01;IN6305;30/01/22;CUST55493;TRAMADOL KAPSUL 50 MG;14;DUS;8701;IDR;BRND004;VNS;Aceh;APOTEK MAJA
EPM;CAB02;IN6079;31/01/22;CUST55494;KLORPROMAZINA TABLET SALUT SELAPUT 100 MG;34;DUS;5648;IDR;BRND005;SLCYL;Kuningan;KLINIK GM
TD;CAB03;IN6320;01/02/22;CUST55495;KETOCONAZOLE TABLET 200 MG;67;DUS;2819;IDR;BRND006;OGB & PH;Jakarta;APOTEK MERDEKA
TA;CAB01;IN6103;27/01/22;CUST55496;ACYCLOVIR DUS;15;DUS;4592;IDR;BRND007;ETIKAL;Aceh;KLINIK SAHABAT
EPM;CAB01;IN6172;28/01/22;CUST55497;ALERGINE TABLET SALUT;12;DUS;3992;IDR;BRND008;MARCKS;Aceh;APOTEK SINAR JAYA
TD;CAB02;IN6183;23/01/22;CUST55498;AMPICILLIN;25;DUS;5781;IDR;BRND009;VNS;Kuningan;APOTEK SAHABAT
TD;CAB03;IN6278;30/01/22;CUST55499;TRAMADOL KAPSUL 50 MG;14;DUS;6940;IDR;BRND010;SLCYL;Jakarta;KLINIK DR. ANDRI
TA;CAB04;IN6186;31/01/22;CUST55500;ACYCLOVIR DUS;18;DUS;1170;IDR;BRND001;OGB & PH;Bandung;APOTEK TAPAK
EPM;CAB05;IN6211;01/02/22;CUST55501;ALERGINE TABLET SALUT;18;DUS;2338;IDR;BRND002;ETIKAL;Tangerang;APOTEK MAJA
TD;CAB06;IN6118;27/01/22;CUST55502;AMPICILLIN;19;DUS;10691;IDR;BRND003;MARCKS;Bekasi;KLINIK GM
TA;CAB07;IN6162;28/01/22;CUST55503;TRAMADOL KAPSUL 50 MG;12;DUS;8701;IDR;BRND004;VNS;Padang;APOTEK MERDEKA
EPM;CAB08;IN6221;23/01/22;CUST55504;KLORPROMAZINA TABLET SALUT SELAPUT 100 MG;25;DUS;5648;IDR;BRND005;SLCYL;Lampung;KLINIK SAHABAT
TD;CAB09;IN6170;30/01/22;CUST55505;KETOCONAZOLE TABLET 200 MG;14;DUS;2819;IDR;BRND006;OGB & PH;#N/A;APOTEK SINAR JAYA
TA;CAB10;IN6045;31/01/22;CUST55506;ERGOTAMINE COFFEINE;21;DUS;4592;IDR;BRND007;ETIKAL;#N/A;APOTEK SAHABAT
EPM;CAB01;IN6300;01/02/22;CUST55507;TETRACYCLINE KAPSUL 250 MG;22;DUS;3992;IDR;BRND008;MARCKS;Aceh;APOTEK TAPAK
TD;CAB01;IN6228;27/01/22;CUST55508;AMBROXOL HC;12;DUS;5781;IDR;BRND009;VNS;Aceh;APOTEK MAJA
TD;CAB02;IN6199;28/01/22;CUST55509;PARACETAMOL;25;DUS;6940;IDR;BRND010;SLCYL;Kuningan;KLINIK GM
TA;CAB03;IN6215;23/01/22;CUST55510;ACYCLOVIR DUS;14;DUS;1170;IDR;BRND001;OGB & PH;Jakarta;APOTEK MERDEKA
EPM;CAB01;IN6107;30/01/22;CUST55511;ALERGINE TABLET SALUT;24;DUS;2338;IDR;BRND002;ETIKAL;Aceh;KLINIK SAHABAT
TD;CAB01;IN6152;31/01/22;CUST55512;AMPICILLIN;10;DUS;10691;IDR;BRND003;MARCKS;Aceh;APOTEK SINAR JAYA
TA;CAB02;IN6017;01/02/22;CUST55513;TRAMADOL KAPSUL 50 MG;23;DUS;8701;IDR;BRND004;VNS;Kuningan;APOTEK SAHABAT
EPM;CAB03;IN6299;27/01/22;CUST55514;KLORPROMAZINA TABLET SALUT SELAPUT 100 MG;12;DUS;5648;IDR;BRND005;SLCYL;Jakarta;KLINIK DR. ANDRI
TD;CAB04;IN6064;28/01/22;CUST55515;KETOCONAZOLE TABLET 200 MG;10;DUS;2819;IDR;BRND006;OGB & PH;Bandung;APOTEK TAPAK
TD;CAB05;IN6308;23/01/22;CUST55516;ERGOTAMINE COFFEINE;67;DUS;4592;IDR;BRND007;ETIKAL;Tangerang;APOTEK MAJA
TA;CAB06;IN6038;30/01/22;CUST55517;TETRACYCLINE KAPSUL 250 MG;98;DUS;3992;IDR;BRND008;MARCKS;Bekasi;KLINIK GM
EPM;CAB07;IN6130;31/01/22;CUST55518;AMBROXOL HC;5;DUS;5781;IDR;BRND009;VNS;Padang;APOTEK MERDEKA
TD;CAB08;IN6293;01/02/22;CUST55519;PARACETAMOL;4;DUS;6940;IDR;BRND010;SLCYL;Lampung;KLINIK SAHABAT
TA;CAB09;IN6205;27/01/22;CUST55520;ACYCLOVIR DUS;8;DUS;1170;IDR;BRND001;OGB & PH;#N/A;APOTEK SINAR JAYA
EPM;CAB10;IN6325;28/01/22;CUST55521;ALERGINE TABLET SALUT;9;DUS;2338;IDR;BRND002;ETIKAL;#N/A;APOTEK SAHABAT
TD;CAB01;IN6317;23/01/22;CUST55522;AMPICILLIN;10;DUS;10691;IDR;BRND003;MARCKS;Aceh;APOTEK TAPAK
TA;CAB01;IN6025;30/01/22;CUST55523;TRAMADOL KAPSUL 50 MG;7;DUS;8701;IDR;BRND004;VNS;Aceh;APOTEK MAJA
EPM;CAB02;IN6203;31/01/22;CUST55524;KLORPROMAZINA TABLET SALUT SELAPUT 100 MG;100;DUS;5648;IDR;BRND005;SLCYL;Kuningan;KLINIK GM
TD;CAB03;IN6243;01/02/22;CUST55525;KETOCONAZOLE TABLET 200 MG;67;DUS;2819;IDR;BRND006;OGB & PH;Jakarta;APOTEK MERDEKA
TD;CAB01;IN6136;27/01/22;CUST55526;ACYCLOVIR DUS;78;DUS;4592;IDR;BRND007;ETIKAL;Aceh;KLINIK SAHABAT
TA;CAB01;IN6314;28/01/22;CUST55527;ALERGINE TABLET SALUT;45;DUS;3992;IDR;BRND008;MARCKS;Aceh;APOTEK SINAR JAYA
EPM;CAB02;IN6202;23/01/22;CUST55528;AMPICILLIN;34;DUS;5781;IDR;BRND009;VNS;Kuningan;APOTEK SAHABAT
TD;CAB03;IN6279;30/01/22;CUST55529;TRAMADOL KAPSUL 50 MG;20;DUS;6940;IDR;BRND010;SLCYL;Jakarta;KLINIK DR. ANDRI
TA;CAB04;IN6196;31/01/22;CUST55530;ACYCLOVIR DUS;45;DUS;1170;IDR;BRND001;OGB & PH;Bandung;APOTEK TAPAK
EPM;CAB05;IN6266;01/02/22;CUST55531;ALERGINE TABLET SALUT;34;DUS;2338;IDR;BRND002;ETIKAL;Tangerang;APOTEK MAJA
TD;CAB06;IN6058;27/01/22;CUST55532;AMPICILLIN;34;DUS;10691;IDR;BRND003;MARCKS;Bekasi;KLINIK GM
TA;CAB07;IN6246;28/01/22;CUST55533;TRAMADOL KAPSUL 50 MG;34;DUS;8701;IDR;BRND004;VNS;Padang;APOTEK MERDEKA
EPM;CAB08;IN6242;23/01/22;CUST55534;KLORPROMAZINA TABLET SALUT SELAPUT 100 MG;44;DUS;5648;IDR;BRND005;SLCYL;Lampung;KLINIK SAHABAT
TD;CAB09;IN5982;30/01/22;CUST55535;KETOCONAZOLE TABLET 200 MG;5;DUS;2819;IDR;BRND006;OGB & PH;#N/A;APOTEK SINAR JAYA
TD;CAB10;IN6068;31/01/22;CUST55536;ERGOTAMINE COFFEINE;6;DUS;4592;IDR;BRND007;ETIKAL;#N/A;APOTEK SAHABAT
TA;CAB01;IN6128;01/02/22;CUST55537;TETRACYCLINE KAPSUL 250 MG;79;DUS;3992;IDR;BRND008;MARCKS;Aceh;APOTEK TAPAK
EPM;CAB01;IN6066;27/01/22;CUST55538;AMBROXOL HC;12;DUS;5781;IDR;BRND009;VNS;Aceh;APOTEK MAJA
TD;CAB02;IN6303;28/01/22;CUST55539;PARACETAMOL;95;DUS;6940;IDR;BRND010;SLCYL;Kuningan;KLINIK GM
TA;CAB03;IN6284;23/01/22;CUST55540;ACYCLOVIR DUS;76;DUS;1170;IDR;BRND001;OGB & PH;Jakarta;APOTEK MERDEKA
EPM;CAB01;IN6240;30/01/22;CUST55541;ALERGINE TABLET SALUT;48;DUS;2338;IDR;BRND002;ETIKAL;Aceh;KLINIK SAHABAT
TD;CAB01;IN6244;31/01/22;CUST55542;AMPICILLIN;21;DUS;10691;IDR;BRND003;MARCKS;Aceh;APOTEK SINAR JAYA
TD;CAB02;IN6060;01/02/22;CUST55543;TRAMADOL KAPSUL 50 MG;22;DUS;8701;IDR;BRND004;VNS;Kuningan;APOTEK SAHABAT
TA;CAB03;IN6254;02/02/22;CUST55544;KLORPROMAZINA TABLET SALUT SELAPUT 100 MG;12;DUS;5648;IDR;BRND005;SLCYL;Jakarta;KLINIK DR. ANDRI
EPM;CAB04;IN6171;03/02/22;CUST55545;KETOCONAZOLE TABLET 200 MG;25;DUS;2819;IDR;BRND006;OGB & PH;Bandung;APOTEK TAPAK
TD;CAB05;IN6002;04/02/22;CUST55546;ERGOTAMINE COFFEINE;14;DUS;4592;IDR;BRND007;ETIKAL;Tangerang;APOTEK MAJA
TA;CAB06;IN6261;05/02/22;CUST55547;TETRACYCLINE KAPSUL 250 MG;24;DUS;3992;IDR;BRND008;MARCKS;Bekasi;KLINIK GM
EPM;CAB07;IN6088;06/02/22;CUST55548;AMBROXOL HC;10;DUS;5781;IDR;BRND009;VNS;Padang;APOTEK MERDEKA
TD;CAB08;IN6181;07/02/22;CUST55549;PARACETAMOL;130;DUS;6940;IDR;BRND010;SLCYL;Lampung;KLINIK SAHABAT
TA;CAB09;IN6135;08/02/22;CUST55550;ACYCLOVIR DUS;12;DUS;1170;IDR;BRND001;OGB & PH;#N/A;APOTEK SINAR JAYA
EPM;CAB10;IN5988;09/02/22;CUST55551;ALERGINE TABLET SALUT;10;DUS;2338;IDR;BRND002;ETIKAL;#N/A;APOTEK SAHABAT
TD;CAB01;IN6234;10/02/22;CUST55552;AMPICILLIN;67;DUS;10691;IDR;BRND003;MARCKS;Aceh;APOTEK TAPAK
TD;CAB01;IN6319;11/02/22;CUST55553;TRAMADOL KAPSUL 50 MG;98;DUS;8701;IDR;BRND004;VNS;Aceh;APOTEK MAJA
TA;CAB02;IN6006;12/02/22;CUST55554;KLORPROMAZINA TABLET SALUT SELAPUT 100 MG;5;DUS;5648;IDR;BRND005;SLCYL;Kuningan;KLINIK GM
EPM;CAB03;IN6147;13/02/22;CUST55555;KETOCONAZOLE TABLET 200 MG;4;DUS;2819;IDR;BRND006;OGB & PH;Jakarta;APOTEK MERDEKA
TD;CAB01;IN6129;14/02/22;CUST55556;ACYCLOVIR DUS;8;DUS;4592;IDR;BRND007;ETIKAL;Aceh;KLINIK SAHABAT
TA;CAB01;IN5986;15/02/22;CUST55557;ALERGINE TABLET SALUT;9;DUS;3992;IDR;BRND008;MARCKS;Aceh;APOTEK SINAR JAYA
EPM;CAB02;IN6026;16/02/22;CUST55558;AMPICILLIN;21;DUS;5781;IDR;BRND009;VNS;Kuningan;APOTEK SAHABAT
TD;CAB03;IN6224;17/02/22;CUST55559;TRAMADOL KAPSUL 50 MG;22;DUS;6940;IDR;BRND010;SLCYL;Jakarta;KLINIK DR. ANDRI
TA;CAB04;IN6087;18/02/22;CUST55560;ACYCLOVIR DUS;12;DUS;1170;IDR;BRND001;OGB & PH;Bandung;APOTEK TAPAK
EPM;CAB05;IN6096;19/02/22;CUST55561;ALERGINE TABLET SALUT;25;DUS;2338;IDR;BRND002;ETIKAL;Tangerang;APOTEK MAJA
TD;CAB06;IN6034;20/02/22;CUST55562;AMPICILLIN;14;DUS;10691;IDR;BRND003;MARCKS;Bekasi;KLINIK GM
TD;CAB07;IN6231;21/02/22;CUST55563;TRAMADOL KAPSUL 50 MG;24;DUS;8701;IDR;BRND004;VNS;Padang;APOTEK MERDEKA
TA;CAB08;IN6260;22/02/22;CUST55564;KLORPROMAZINA TABLET SALUT SELAPUT 100 MG;10;DUS;5648;IDR;BRND005;SLCYL;Lampung;KLINIK SAHABAT
EPM;CAB09;IN6302;23/02/22;CUST55565;KETOCONAZOLE TABLET 200 MG;120;DUS;2819;IDR;BRND006;OGB & PH;#N/A;APOTEK SINAR JAYA
TD;CAB10;IN6061;24/02/22;CUST55566;ERGOTAMINE COFFEINE;12;DUS;4592;IDR;BRND007;ETIKAL;#N/A;APOTEK SAHABAT
TA;CAB01;IN6011;25/02/22;CUST55567;TETRACYCLINE KAPSUL 250 MG;10;DUS;3992;IDR;BRND008;MARCKS;Aceh;APOTEK TAPAK
EPM;CAB01;IN6275;26/02/22;CUST55568;AMBROXOL HC;67;DUS;5781;IDR;BRND009;VNS;Aceh;APOTEK MAJA
TD;CAB02;IN6114;27/02/22;CUST55569;PARACETAMOL;98;DUS;6940;IDR;BRND010;SLCYL;Kuningan;KLINIK GM
TD;CAB03;IN6041;28/02/22;CUST55570;ACYCLOVIR DUS;5;DUS;1170;IDR;BRND001;OGB & PH;Jakarta;APOTEK MERDEKA
TA;CAB01;IN6069;01/03/22;CUST55571;ALERGINE TABLET SALUT;4;DUS;2338;IDR;BRND002;ETIKAL;Aceh;KLINIK SAHABAT
EPM;CAB01;IN6239;02/03/22;CUST55572;AMPICILLIN;8;DUS;10691;IDR;BRND003;MARCKS;Aceh;APOTEK SINAR JAYA
TD;CAB02;IN6137;03/03/22;CUST55573;TRAMADOL KAPSUL 50 MG;9;DUS;8701;IDR;BRND004;VNS;Kuningan;APOTEK SAHABAT
TA;CAB03;IN6189;04/03/22;CUST55574;KLORPROMAZINA TABLET SALUT SELAPUT 100 MG;1;DUS;5648;IDR;BRND005;SLCYL;Jakarta;KLINIK DR. ANDRI
EPM;CAB04;IN6229;05/03/22;CUST55575;KETOCONAZOLE TABLET 200 MG;5;DUS;2819;IDR;BRND006;OGB & PH;Bandung;APOTEK TAPAK
TD;CAB05;IN6110;06/03/22;CUST55576;ERGOTAMINE COFFEINE;9;DUS;4592;IDR;BRND007;ETIKAL;Tangerang;APOTEK MAJA
TA;CAB06;IN6182;07/03/22;CUST55577;TETRACYCLINE KAPSUL 250 MG;13;DUS;3992;IDR;BRND008;MARCKS;Bekasi;KLINIK GM
EPM;CAB07;IN6164;08/03/22;CUST55578;AMBROXOL HC;1;DUS;5781;IDR;BRND009;VNS;Padang;APOTEK MERDEKA
TD;CAB08;IN6016;09/03/22;CUST55579;PARACETAMOL;5;DUS;6940;IDR;BRND010;SLCYL;Lampung;KLINIK SAHABAT
TD;CAB09;IN6043;10/03/22;CUST55580;ACYCLOVIR DUS;9;DUS;1170;IDR;BRND001;OGB & PH;#N/A;APOTEK SINAR JAYA
TA;CAB10;IN6020;11/03/22;CUST55581;ALERGINE TABLET SALUT;1;DUS;2338;IDR;BRND002;ETIKAL;#N/A;APOTEK SAHABAT
EPM;CAB01;IN6206;12/03/22;CUST55582;AMPICILLIN;23;DUS;10691;IDR;BRND003;MARCKS;Aceh;APOTEK TAPAK
TD;CAB01;IN6055;13/03/22;CUST55583;TRAMADOL KAPSUL 50 MG;4;DUS;8701;IDR;BRND004;VNS;Aceh;APOTEK MAJA
TA;CAB02;IN6092;14/03/22;CUST55584;KLORPROMAZINA TABLET SALUT SELAPUT 100 MG;2;DUS;5648;IDR;BRND005;SLCYL;Kuningan;KLINIK GM
EPM;CAB03;IN6177;15/03/22;CUST55585;KETOCONAZOLE TABLET 200 MG;17;DUS;2819;IDR;BRND006;OGB & PH;Jakarta;APOTEK MERDEKA
TD;CAB01;IN6209;16/03/22;CUST55586;ACYCLOVIR DUS;11;DUS;4592;IDR;BRND007;ETIKAL;Aceh;KLINIK SAHABAT
TA;CAB01;IN6250;17/03/22;CUST55587;ALERGINE TABLET SALUT;12;DUS;3992;IDR;BRND008;MARCKS;Aceh;APOTEK SINAR JAYA
EPM;CAB02;IN6193;18/03/22;CUST55588;AMPICILLIN;12;DUS;5781;IDR;BRND009;VNS;Kuningan;APOTEK SAHABAT
TD;CAB03;IN6081;19/03/22;CUST55589;TRAMADOL KAPSUL 50 MG;25;DUS;6940;IDR;BRND010;SLCYL;Jakarta;KLINIK DR. ANDRI
TD;CAB04;IN6149;20/03/22;CUST55590;ACYCLOVIR DUS;14;DUS;1170;IDR;BRND001;OGB & PH;Bandung;APOTEK TAPAK
TA;CAB05;IN6014;21/03/22;CUST55591;ALERGINE TABLET SALUT;34;DUS;2338;IDR;BRND002;ETIKAL;Tangerang;APOTEK MAJA
EPM;CAB06;IN6290;22/03/22;CUST55592;AMPICILLIN;67;DUS;10691;IDR;BRND003;MARCKS;Bekasi;KLINIK GM
TD;CAB07;IN6051;23/03/22;CUST55593;TRAMADOL KAPSUL 50 MG;15;DUS;8701;IDR;BRND004;VNS;Padang;APOTEK MERDEKA
TA;CAB08;IN6076;24/03/22;CUST55594;KLORPROMAZINA TABLET SALUT SELAPUT 100 MG;12;DUS;5648;IDR;BRND005;SLCYL;Lampung;KLINIK SAHABAT
EPM;CAB09;IN6140;25/03/22;CUST55595;KETOCONAZOLE TABLET 200 MG;25;DUS;2819;IDR;BRND006;OGB & PH;#N/A;APOTEK SINAR JAYA
TD;CAB10;IN6080;26/03/22;CUST55596;ERGOTAMINE COFFEINE;14;DUS;4592;IDR;BRND007;ETIKAL;#N/A;APOTEK SAHABAT
TD;CAB01;IN6153;27/03/22;CUST55597;TETRACYCLINE KAPSUL 250 MG;18;DUS;3992;IDR;BRND008;MARCKS;Aceh;APOTEK TAPAK
TA;CAB01;IN5979;28/03/22;CUST55598;AMBROXOL HC;18;DUS;5781;IDR;BRND009;VNS;Aceh;APOTEK MAJA
EPM;CAB02;IN6098;29/03/22;CUST55599;PARACETAMOL;19;DUS;6940;IDR;BRND010;SLCYL;Kuningan;KLINIK GM
TD;CAB03;IN6078;30/03/22;CUST55600;ACYCLOVIR DUS;12;DUS;1170;IDR;BRND001;OGB & PH;Jakarta;APOTEK MERDEKA
TA;CAB01;IN6085;31/03/22;CUST55601;ALERGINE TABLET SALUT;25;DUS;2338;IDR;BRND002;ETIKAL;Aceh;KLINIK SAHABAT
EPM;CAB01;IN6018;01/04/22;CUST55602;AMPICILLIN;14;DUS;10691;IDR;BRND003;MARCKS;Aceh;APOTEK SINAR JAYA
TD;CAB02;IN6001;02/04/22;CUST55603;TRAMADOL KAPSUL 50 MG;21;DUS;8701;IDR;BRND004;VNS;Kuningan;APOTEK SAHABAT
TA;CAB03;IN6271;03/04/22;CUST55604;KLORPROMAZINA TABLET SALUT SELAPUT 100 MG;22;DUS;5648;IDR;BRND005;SLCYL;Jakarta;KLINIK DR. ANDRI
EPM;CAB04;IN6207;04/04/22;CUST55605;KETOCONAZOLE TABLET 200 MG;12;DUS;2819;IDR;BRND006;OGB & PH;Bandung;APOTEK TAPAK
TD;CAB05;IN6187;05/04/22;CUST55606;ERGOTAMINE COFFEINE;25;DUS;4592;IDR;BRND007;ETIKAL;Tangerang;APOTEK MAJA
TD;CAB06;IN5995;06/04/22;CUST55607;TETRACYCLINE KAPSUL 250 MG;14;DUS;3992;IDR;BRND008;MARCKS;Bekasi;KLINIK GM
TA;CAB07;IN6156;07/04/22;CUST55608;AMBROXOL HC;24;DUS;5781;IDR;BRND009;VNS;Padang;APOTEK MERDEKA
EPM;CAB08;IN6232;08/04/22;CUST55609;PARACETAMOL;10;DUS;6940;IDR;BRND010;SLCYL;Lampung;KLINIK SAHABAT
TD;CAB09;IN5998;09/04/22;CUST55610;ACYCLOVIR DUS;23;DUS;1170;IDR;BRND001;OGB & PH;#N/A;APOTEK SINAR JAYA
TA;CAB10;IN6227;10/04/22;CUST55611;ALERGINE TABLET SALUT;12;DUS;2338;IDR;BRND002;ETIKAL;#N/A;APOTEK SAHABAT
EPM;CAB01;IN6027;11/04/22;CUST55612;AMPICILLIN;10;DUS;10691;IDR;BRND003;MARCKS;Aceh;APOTEK TAPAK
TD;CAB01;IN6157;12/04/22;CUST55613;TRAMADOL KAPSUL 50 MG;67;DUS;8701;IDR;BRND004;VNS;Aceh;APOTEK MAJA
TA;CAB02;IN6180;13/04/22;CUST55614;KLORPROMAZINA TABLET SALUT SELAPUT 100 MG;98;DUS;5648;IDR;BRND005;SLCYL;Kuningan;KLINIK GM
EPM;CAB03;IN6257;14/04/22;CUST55615;KETOCONAZOLE TABLET 200 MG;5;DUS;2819;IDR;BRND006;OGB & PH;Jakarta;APOTEK MERDEKA
TD;CAB01;IN6031;15/04/22;CUST55616;ACYCLOVIR DUS;4;DUS;4592;IDR;BRND007;ETIKAL;Aceh;KLINIK SAHABAT
TD;CAB01;IN6082;16/04/22;CUST55617;ALERGINE TABLET SALUT;8;DUS;3992;IDR;BRND008;MARCKS;Aceh;APOTEK SINAR JAYA
TA;CAB02;IN6174;17/04/22;CUST55618;AMPICILLIN;9;DUS;5781;IDR;BRND009;VNS;Kuningan;APOTEK SAHABAT
EPM;CAB03;IN6237;18/04/22;CUST55619;TRAMADOL KAPSUL 50 MG;10;DUS;6940;IDR;BRND010;SLCYL;Jakarta;KLINIK DR. ANDRI
TD;CAB04;IN6021;19/04/22;CUST55620;ACYCLOVIR DUS;7;DUS;1170;IDR;BRND001;OGB & PH;Bandung;APOTEK TAPAK
TA;CAB05;IN6056;20/04/22;CUST55621;ALERGINE TABLET SALUT;100;DUS;2338;IDR;BRND002;ETIKAL;Tangerang;APOTEK MAJA
EPM;CAB06;IN5983;21/04/22;CUST55622;AMPICILLIN;67;DUS;10691;IDR;BRND003;MARCKS;Bekasi;KLINIK GM
TD;CAB07;IN6139;22/04/22;CUST55623;TRAMADOL KAPSUL 50 MG;78;DUS;8701;IDR;BRND004;VNS;Padang;APOTEK MERDEKA
TD;CAB08;IN6126;23/04/22;CUST55624;KLORPROMAZINA TABLET SALUT SELAPUT 100 MG;45;DUS;5648;IDR;BRND005;SLCYL;Lampung;KLINIK SAHABAT
TA;CAB09;IN6127;24/04/22;CUST55625;KETOCONAZOLE TABLET 200 MG;34;DUS;2819;IDR;BRND006;OGB & PH;#N/A;APOTEK SINAR JAYA
EPM;CAB10;IN6035;25/04/22;CUST55626;ERGOTAMINE COFFEINE;20;DUS;4592;IDR;BRND007;ETIKAL;#N/A;APOTEK SAHABAT
TD;CAB01;IN6309;26/04/22;CUST55627;TETRACYCLINE KAPSUL 250 MG;45;DUS;3992;IDR;BRND008;MARCKS;Aceh;APOTEK TAPAK
TA;CAB01;IN6073;27/04/22;CUST55628;AMBROXOL HC;34;DUS;5781;IDR;BRND009;VNS;Aceh;APOTEK MAJA
EPM;CAB02;IN6277;28/04/22;CUST55629;PARACETAMOL;34;DUS;6940;IDR;BRND010;SLCYL;Kuningan;KLINIK GM
TD;CAB03;IN6197;29/04/22;CUST55630;ACYCLOVIR DUS;34;DUS;1170;IDR;BRND001;OGB & PH;Jakarta;APOTEK MERDEKA
TA;CAB01;IN6225;30/04/22;CUST55631;ALERGINE TABLET SALUT;44;DUS;2338;IDR;BRND002;ETIKAL;Aceh;KLINIK SAHABAT
EPM;CAB01;IN5999;01/05/22;CUST55632;AMPICILLIN;5;DUS;10691;IDR;BRND003;MARCKS;Aceh;APOTEK SINAR JAYA
TD;CAB02;IN6223;02/05/22;CUST55633;TRAMADOL KAPSUL 50 MG;6;DUS;8701;IDR;BRND004;VNS;Kuningan;APOTEK SAHABAT
TD;CAB03;IN6273;03/05/22;CUST55634;KLORPROMAZINA TABLET SALUT SELAPUT 100 MG;79;DUS;5648;IDR;BRND005;SLCYL;Jakarta;KLINIK DR. ANDRI
TA;CAB04;IN6047;26/04/22;CUST55635;KETOCONAZOLE TABLET 200 MG;12;DUS;2819;IDR;BRND006;OGB & PH;Bandung;APOTEK TAPAK
EPM;CAB05;IN6071;27/04/22;CUST55636;ERGOTAMINE COFFEINE;95;DUS;4592;IDR;BRND007;ETIKAL;Tangerang;APOTEK MAJA
TD;CAB06;IN6009;28/04/22;CUST55637;TETRACYCLINE KAPSUL 250 MG;76;DUS;3992;IDR;BRND008;MARCKS;Bekasi;KLINIK GM
TA;CAB07;IN6075;16/04/22;CUST55638;AMBROXOL HC;48;DUS;5781;IDR;BRND009;VNS;Padang;APOTEK MERDEKA
EPM;CAB08;IN6218;17/04/22;CUST55639;PARACETAMOL;21;DUS;6940;IDR;BRND010;SLCYL;Lampung;KLINIK SAHABAT
TD;CAB09;IN5985;18/04/22;CUST55640;ACYCLOVIR DUS;22;DUS;1170;IDR;BRND001;OGB & PH;#N/A;APOTEK SINAR JAYA
TA;CAB10;IN6154;19/04/22;CUST55641;ALERGINE TABLET SALUT;12;DUS;2338;IDR;BRND002;ETIKAL;#N/A;APOTEK SAHABAT
EPM;CAB01;IN6145;20/04/22;CUST55642;AMPICILLIN;25;DUS;10691;IDR;BRND003;MARCKS;Aceh;APOTEK TAPAK
TD;CAB01;IN6315;21/04/22;CUST55643;TRAMADOL KAPSUL 50 MG;14;DUS;8701;IDR;BRND004;VNS;Aceh;APOTEK MAJA
TD;CAB02;IN6168;13/05/22;CUST55644;KLORPROMAZINA TABLET SALUT SELAPUT 100 MG;24;DUS;5648;IDR;BRND005;SLCYL;Kuningan;KLINIK GM
TA;CAB03;IN6192;14/05/22;CUST55645;KETOCONAZOLE TABLET 200 MG;10;DUS;2819;IDR;BRND006;OGB & PH;Jakarta;APOTEK MERDEKA
EPM;CAB01;IN6285;15/05/22;CUST55646;ACYCLOVIR DUS;130;DUS;4592;IDR;BRND007;ETIKAL;Aceh;KLINIK SAHABAT
TD;CAB01;IN6077;16/05/22;CUST55647;ALERGINE TABLET SALUT;12;DUS;3992;IDR;BRND008;MARCKS;Aceh;APOTEK SINAR JAYA
TA;CAB02;IN6057;17/05/22;CUST55648;AMPICILLIN;10;DUS;5781;IDR;BRND009;VNS;Kuningan;APOTEK SAHABAT
EPM;CAB03;IN6252;18/05/22;CUST55649;TRAMADOL KAPSUL 50 MG;67;DUS;6940;IDR;BRND010;SLCYL;Jakarta;KLINIK DR. ANDRI
TD;CAB04;IN6272;19/05/22;CUST55650;ACYCLOVIR DUS;98;DUS;1170;IDR;BRND001;OGB & PH;Bandung;APOTEK TAPAK
TD;CAB05;IN6150;20/05/22;CUST55651;ALERGINE TABLET SALUT;5;DUS;2338;IDR;BRND002;ETIKAL;Tangerang;APOTEK MAJA
TA;CAB06;IN6298;21/05/22;CUST55652;AMPICILLIN;4;DUS;10691;IDR;BRND003;MARCKS;Bekasi;KLINIK GM
EPM;CAB07;IN6295;22/05/22;CUST55653;TRAMADOL KAPSUL 50 MG;8;DUS;8701;IDR;BRND004;VNS;Padang;APOTEK MERDEKA
TD;CAB08;IN6022;23/05/22;CUST55654;KLORPROMAZINA TABLET SALUT SELAPUT 100 MG;9;DUS;5648;IDR;BRND005;SLCYL;Lampung;KLINIK SAHABAT
TA;CAB09;IN6090;24/05/22;CUST55655;KETOCONAZOLE TABLET 200 MG;21;DUS;2819;IDR;BRND006;OGB & PH;#N/A;APOTEK SINAR JAYA
EPM;CAB10;IN5996;25/05/22;CUST55656;ERGOTAMINE COFFEINE;22;DUS;4592;IDR;BRND007;ETIKAL;#N/A;APOTEK SAHABAT
TD;CAB01;IN6111;26/05/22;CUST55657;TETRACYCLINE KAPSUL 250 MG;12;DUS;3992;IDR;BRND008;MARCKS;Aceh;APOTEK TAPAK
TA;CAB01;IN6194;18/04/22;CUST55658;AMBROXOL HC;25;DUS;5781;IDR;BRND009;VNS;Aceh;APOTEK MAJA
EPM;CAB02;IN5987;19/04/22;CUST55659;PARACETAMOL;14;DUS;6940;IDR;BRND010;SLCYL;Kuningan;KLINIK GM
TD;CAB03;IN6313;20/04/22;CUST55660;ACYCLOVIR DUS;24;DUS;1170;IDR;BRND001;OGB & PH;Jakarta;APOTEK MERDEKA
TD;CAB01;IN6138;18/04/22;CUST55661;ALERGINE TABLET SALUT;10;DUS;2338;IDR;BRND002;ETIKAL;Aceh;KLINIK SAHABAT
TA;CAB01;IN6316;19/04/22;CUST55662;AMPICILLIN;120;DUS;10691;IDR;BRND003;MARCKS;Aceh;APOTEK SINAR JAYA
EPM;CAB02;IN6019;20/04/22;CUST55663;TRAMADOL KAPSUL 50 MG;12;DUS;8701;IDR;BRND004;VNS;Kuningan;APOTEK SAHABAT
TD;CAB03;IN6283;19/05/22;CUST55664;KLORPROMAZINA TABLET SALUT SELAPUT 100 MG;10;DUS;5648;IDR;BRND005;SLCYL;Jakarta;KLINIK DR. ANDRI
TA;CAB04;IN6169;20/05/22;CUST55665;KETOCONAZOLE TABLET 200 MG;67;DUS;2819;IDR;BRND006;OGB & PH;Bandung;APOTEK TAPAK
EPM;CAB05;IN6121;21/05/22;CUST55666;ERGOTAMINE COFFEINE;98;DUS;4592;IDR;BRND007;ETIKAL;Tangerang;APOTEK MAJA
TD;CAB06;IN6117;22/05/22;CUST55667;TETRACYCLINE KAPSUL 250 MG;5;DUS;3992;IDR;BRND008;MARCKS;Bekasi;KLINIK GM
TA;CAB07;IN6201;23/05/22;CUST55668;AMBROXOL HC;4;DUS;5781;IDR;BRND009;VNS;Padang;APOTEK MERDEKA
EPM;CAB08;IN6179;24/05/22;CUST55669;PARACETAMOL;8;DUS;6940;IDR;BRND010;SLCYL;Lampung;KLINIK SAHABAT
TD;CAB09;IN5978;25/05/22;CUST55670;ACYCLOVIR DUS;9;DUS;1170;IDR;BRND001;OGB & PH;#N/A;APOTEK SINAR JAYA
TD;CAB10;IN5993;26/05/22;CUST55671;ALERGINE TABLET SALUT;1;DUS;2338;IDR;BRND002;ETIKAL;#N/A;APOTEK SAHABAT
TA;CAB01;IN6160;27/05/22;CUST55672;AMPICILLIN;5;DUS;10691;IDR;BRND003;MARCKS;Aceh;APOTEK TAPAK
EPM;CAB01;IN6282;28/05/22;CUST55673;TRAMADOL KAPSUL 50 MG;9;DUS;8701;IDR;BRND004;VNS;Aceh;APOTEK MAJA
TD;CAB02;IN6093;29/05/22;CUST55674;KLORPROMAZINA TABLET SALUT SELAPUT 100 MG;13;DUS;5648;IDR;BRND005;SLCYL;Kuningan;KLINIK GM
TA;CAB03;IN6166;30/05/22;CUST55675;KETOCONAZOLE TABLET 200 MG;1;DUS;2819;IDR;BRND006;OGB & PH;Jakarta;APOTEK MERDEKA
EPM;CAB01;IN6010;31/05/22;CUST55676;ACYCLOVIR DUS;5;DUS;4592;IDR;BRND007;ETIKAL;Aceh;KLINIK SAHABAT
TD;CAB01;IN6100;01/06/22;CUST55677;ALERGINE TABLET SALUT;9;DUS;3992;IDR;BRND008;MARCKS;Aceh;APOTEK SINAR JAYA
TD;CAB02;IN6222;02/06/22;CUST55678;AMPICILLIN;1;DUS;5781;IDR;BRND009;VNS;Kuningan;APOTEK SAHABAT
TA;CAB03;IN6032;03/06/22;CUST55679;TRAMADOL KAPSUL 50 MG;23;DUS;6940;IDR;BRND010;SLCYL;Jakarta;KLINIK DR. ANDRI
EPM;CAB04;IN6198;04/06/22;CUST55680;ACYCLOVIR DUS;4;DUS;1170;IDR;BRND001;OGB & PH;Bandung;APOTEK TAPAK
TD;CAB05;IN6212;05/06/22;CUST55681;ALERGINE TABLET SALUT;2;DUS;2338;IDR;BRND002;ETIKAL;Tangerang;APOTEK MAJA
TA;CAB06;IN6288;06/06/22;CUST55682;AMPICILLIN;17;DUS;10691;IDR;BRND003;MARCKS;Bekasi;KLINIK GM
EPM;CAB07;IN6059;07/06/22;CUST55683;TRAMADOL KAPSUL 50 MG;11;DUS;8701;IDR;BRND004;VNS;Padang;APOTEK MERDEKA
TD;CAB08;IN6236;08/06/22;CUST55684;KLORPROMAZINA TABLET SALUT SELAPUT 100 MG;12;DUS;5648;IDR;BRND005;SLCYL;Lampung;KLINIK SAHABAT
TA;CAB09;IN6296;09/06/22;CUST55685;KETOCONAZOLE TABLET 200 MG;12;DUS;2819;IDR;BRND006;OGB & PH;#N/A;APOTEK SINAR JAYA
EPM;CAB10;IN6324;10/06/22;CUST55686;ERGOTAMINE COFFEINE;25;DUS;4592;IDR;BRND007;ETIKAL;#N/A;APOTEK SAHABAT
TD;CAB01;IN6091;11/06/22;CUST55687;TETRACYCLINE KAPSUL 250 MG;14;DUS;3992;IDR;BRND008;MARCKS;Aceh;APOTEK TAPAK
TD;CAB01;IN6033;12/06/22;CUST55688;AMBROXOL HC;34;DUS;5781;IDR;BRND009;VNS;Aceh;APOTEK MAJA
TA;CAB02;IN6159;13/06/22;CUST55689;PARACETAMOL;67;DUS;6940;IDR;BRND010;SLCYL;Kuningan;KLINIK GM
EPM;CAB03;IN6264;14/06/22;CUST55690;ACYCLOVIR DUS;15;DUS;1170;IDR;BRND001;OGB & PH;Jakarta;APOTEK MERDEKA
TD;CAB01;IN6046;15/06/22;CUST55691;ALERGINE TABLET SALUT;12;DUS;2338;IDR;BRND002;ETIKAL;Aceh;KLINIK SAHABAT
TA;CAB01;IN6268;16/06/22;CUST55692;AMPICILLIN;25;DUS;10691;IDR;BRND003;MARCKS;Aceh;APOTEK SINAR JAYA
EPM;CAB02;IN6310;30/04/22;CUST55693;TRAMADOL KAPSUL 50 MG;14;DUS;8701;IDR;BRND004;VNS;Kuningan;APOTEK SAHABAT
TD;CAB03;IN6044;01/05/22;CUST55694;KLORPROMAZINA TABLET SALUT SELAPUT 100 MG;18;DUS;5648;IDR;BRND005;SLCYL;Jakarta;KLINIK DR. ANDRI
TA;CAB04;IN6178;02/05/22;CUST55695;KETOCONAZOLE TABLET 200 MG;18;DUS;2819;IDR;BRND006;OGB & PH;Bandung;APOTEK TAPAK
EPM;CAB05;IN6270;03/05/22;CUST55696;ERGOTAMINE COFFEINE;19;DUS;4592;IDR;BRND007;ETIKAL;Tangerang;APOTEK MAJA
TD;CAB06;IN6123;16/06/22;CUST55697;TETRACYCLINE KAPSUL 250 MG;12;DUS;3992;IDR;BRND008;MARCKS;Bekasi;KLINIK GM
TD;CAB07;IN6265;30/04/22;CUST55698;AMBROXOL HC;25;DUS;5781;IDR;BRND009;VNS;Padang;APOTEK MERDEKA
TA;CAB08;IN6158;01/05/22;CUST55699;PARACETAMOL;14;DUS;6940;IDR;BRND010;SLCYL;Lampung;KLINIK SAHABAT
EPM;CAB09;IN6105;02/05/22;CUST55700;ACYCLOVIR DUS;21;DUS;1170;IDR;BRND001;OGB & PH;#N/A;APOTEK SINAR JAYA
TD;CAB10;IN6213;03/05/22;CUST55701;ALERGINE TABLET SALUT;22;DUS;2338;IDR;BRND002;ETIKAL;#N/A;APOTEK SAHABAT
TA;CAB01;IN6109;16/06/22;CUST55702;AMPICILLIN;12;DUS;10691;IDR;BRND003;MARCKS;Aceh;APOTEK TAPAK
EPM;CAB01;IN6249;30/04/22;CUST55703;TRAMADOL KAPSUL 50 MG;25;DUS;8701;IDR;BRND004;VNS;Aceh;APOTEK MAJA
TD;CAB02;IN6067;01/05/22;CUST55704;KLORPROMAZINA TABLET SALUT SELAPUT 100 MG;14;DUS;5648;IDR;BRND005;SLCYL;Kuningan;KLINIK GM
TD;CAB03;IN6143;02/05/22;CUST55705;KETOCONAZOLE TABLET 200 MG;24;DUS;2819;IDR;BRND006;OGB & PH;Jakarta;APOTEK MERDEKA
TA;CAB01;IN5990;03/05/22;CUST55706;ACYCLOVIR DUS;10;DUS;4592;IDR;BRND007;ETIKAL;Aceh;KLINIK SAHABAT
EPM;CAB01;IN5992;16/06/22;CUST55707;ALERGINE TABLET SALUT;23;DUS;3992;IDR;BRND008;MARCKS;Aceh;APOTEK SINAR JAYA
TD;CAB02;IN6132;30/04/22;CUST55708;AMPICILLIN;12;DUS;5781;IDR;BRND009;VNS;Kuningan;APOTEK SAHABAT
TA;CAB03;IN6030;01/05/22;CUST55709;TRAMADOL KAPSUL 50 MG;10;DUS;6940;IDR;BRND010;SLCYL;Jakarta;KLINIK DR. ANDRI
EPM;CAB04;IN6094;02/05/22;CUST55710;ACYCLOVIR DUS;67;DUS;1170;IDR;BRND001;OGB & PH;Bandung;APOTEK TAPAK
TD;CAB05;IN6294;03/05/22;CUST55711;ALERGINE TABLET SALUT;98;DUS;2338;IDR;BRND002;ETIKAL;Tangerang;APOTEK MAJA
TA;CAB06;IN6012;16/06/22;CUST55712;AMPICILLIN;5;DUS;10691;IDR;BRND003;MARCKS;Bekasi;KLINIK GM
EPM;CAB07;IN6106;30/04/22;CUST55713;TRAMADOL KAPSUL 50 MG;4;DUS;8701;IDR;BRND004;VNS;Padang;APOTEK MERDEKA
TD;CAB08;IN5984;01/05/22;CUST55714;KLORPROMAZINA TABLET SALUT SELAPUT 100 MG;8;DUS;5648;IDR;BRND005;SLCYL;Lampung;KLINIK SAHABAT
TD;CAB09;IN6007;02/05/22;CUST55715;KETOCONAZOLE TABLET 200 MG;9;DUS;2819;IDR;BRND006;OGB & PH;#N/A;APOTEK SINAR JAYA
TA;CAB10;IN6115;03/05/22;CUST55716;ERGOTAMINE COFFEINE;10;DUS;4592;IDR;BRND007;ETIKAL;#N/A;APOTEK SAHABAT
EPM;CAB01;IN6000;16/06/22;CUST55717;TETRACYCLINE KAPSUL 250 MG;7;DUS;3992;IDR;BRND008;MARCKS;Aceh;APOTEK TAPAK
TD;CAB01;IN6097;30/04/22;CUST55718;AMBROXOL HC;100;DUS;5781;IDR;BRND009;VNS;Aceh;APOTEK MAJA
TA;CAB02;IN5989;01/05/22;CUST55719;PARACETAMOL;67;DUS;6940;IDR;BRND010;SLCYL;Kuningan;KLINIK GM
EPM;CAB03;IN6151;02/05/22;CUST55720;ACYCLOVIR DUS;78;DUS;1170;IDR;BRND001;OGB & PH;Jakarta;APOTEK MERDEKA
TD;CAB01;IN6037;03/05/22;CUST55721;ALERGINE TABLET SALUT;45;DUS;2338;IDR;BRND002;ETIKAL;Aceh;KLINIK SAHABAT
TA;CAB01;IN6165;16/06/22;CUST55722;AMPICILLIN;34;DUS;10691;IDR;BRND003;MARCKS;Aceh;APOTEK SINAR JAYA
EPM;CAB02;IN6101;30/04/22;CUST55723;TRAMADOL KAPSUL 50 MG;20;DUS;8701;IDR;BRND004;VNS;Kuningan;APOTEK SAHABAT
TD;CAB03;IN6142;01/05/22;CUST55724;KLORPROMAZINA TABLET SALUT SELAPUT 100 MG;45;DUS;5648;IDR;BRND005;SLCYL;Jakarta;KLINIK DR. ANDRI
TD;CAB04;IN6312;02/05/22;CUST55725;KETOCONAZOLE TABLET 200 MG;34;DUS;2819;IDR;BRND006;OGB & PH;Bandung;APOTEK TAPAK
TA;CAB05;IN6112;03/05/22;CUST55726;ERGOTAMINE COFFEINE;34;DUS;4592;IDR;BRND007;ETIKAL;Tangerang;APOTEK MAJA
EPM;CAB06;IN6204;16/06/22;CUST55727;TETRACYCLINE KAPSUL 250 MG;34;DUS;3992;IDR;BRND008;MARCKS;#N/A;KLINIK GM
TD;CAB07;IN6304;30/04/22;CUST55728;AMBROXOL HC;44;DUS;5781;IDR;BRND009;VNS;#N/A;APOTEK MERDEKA
TA;CAB08;IN6004;01/05/2022;CUST55729;PARACETAMOL;5;DUS;6940;IDR;BRND010;SLCYL;#N/A;KLINIK SAHABAT
